Robot_Position X	Robot_Position Y	weight
722	404	0.149458
718	414	0.343496
717	410	0.374766
718	421	0.345341
715	415	0.348382
715	408	0.327648
717	409	0.102106
717	412	0.290819
713	412	0.280204
718	409	0.285971
720	404	0.309685
716	417	0.307460
717	419	0.350262
715	417	0.343091
717	422	0.265417
719	418	0.151898
725	425	0.376540
726	429	0.380818
721	423	0.365990
717	421	0.291937
721	422	0.314838
717	419	0.352670
717	421	0.351867
