Robot_Position X	Robot_Position Y	weight
600	400	0.000000
604	398	0.167258
610	410	0.372386
616	415	0.392672
618	417	0.385637
615	420	0.232088
613	406	0.266961
609	414	0.279899
598	409	0.251266
605	395	0.423808
609	399	0.374026
617	399	0.361516
609	401	0.096971
606	406	0.316533
605	405	0.335903
606	406	0.353539
609	397	0.329906
